{
    "indexes": [
        {
            "collectionGroup": "internalMail",
            "queryScope": "COLLECTION",
            "fields": [
                {
                    "fieldPath": "companyId",
                    "order": "ASCENDING"
                },
                {
                    "fieldPath": "to.uid",
                    "order": "ASCENDING"
                },
                {
                    "fieldPath": "timestamp",
                    "order": "DESCENDING"
                }
            ]
        },
        {
            "collectionGroup": "internalMail",
            "queryScope": "COLLECTION",
            "fields": [
                {
                    "fieldPath": "companyId",
                    "order": "ASCENDING"
                },
                {
                    "fieldPath": "from.uid",
                    "order": "ASCENDING"
                },
                {
                    "fieldPath": "timestamp",
                    "order": "DESCENDING"
                }
            ]
        }
    ],
    "fieldOverrides": []
}